name	frequency
West Bank	120
Dura	2
Hebron	10
Tulkarem	2
Gaza Strip	31
the West Bank	40
Israel	1593
Nablus	5
the Red Sea	194
the United States	97
United Kingdom	12
Yemen	182
Iran	206
Gaza	1605
US	706
Sanaa	15
Saudi Arabia	39
Aden	3
Tel Aviv	49
the Gaza Strip	123
UK	95
Palestine	124
The Red Sea	5
Africa	29
Red Sea	50
Marib	3
the Middle East	77
the United Arab Emirates	13
Turkey	25
Jordan	42
Qatar	64
UAE	7
Charleston	1
South Carolina	4
Gaza City	31
Doha	19
Hong Kong	2
South Africa	200
the State of Palestine	1
Lebanon	175
Hague	6
Pretoria	8
Uganda	11
China	28
Russia	43
The Hague	33
Kuwait	2
Gazaâ€™s	18
Ukraine	47
Canada	42
Montreal	1
Milton, Ontario	1
Jabalia	11
Israelâ€™s	31
Ottawa	3
Egypt	43
Rafah	40
Toronto	1
Calgary	1
Afghanistan	7
Austria	3
Australia	12
Finland	3
Germany	31
Italy	10
Japan	9
Netherlands	14
Iceland	1
Sweden	2
Switzerland	9
Romania	4
the United Kingdom	28
The United States	21
Washington, DC	4
Jerusalem	26
Gretna	2
Louisiana	3
New Orleans	5
@MirandaCleland	1
East Jerusalem	23
Scotland	2
Ireland	3
Norway	11
#October7	2
Syria	83
Jenin	19
Ramallah	24
Abwein	1
Qalqilya	2
Jericho	1
U.S.	11
Yemenâ€™s	6
Bahrain	11
Denmark	3
New Zealand	2
South Korea	1
Spain	7
France	13
Belgium	15
Czech Republic	1
Hungary	1
Berlin	5
Paris	8
Slovenia	1
Brussels	5
@carogennez	1
Middle East	25
Belgiumâ€™s	1
Flanders	1
Wallonia	1
Ein al-Hilweh	1
Basel	3
Ofer	1
the Jordan Valley	5
Area C	6
Kadriâ€™s	1
al-Jiftlik	1
Farsiya	1
Makhoul	1
Tubas	1
Areas A	1
United States	40
Beirut	84
Washington	60
Kerman	6
the Islamic Republic	3
Nur Shams	1
Naqoura	2
Deir el-Balah	14
Nuseirat	11
DC	14
America	4
Strip	14
West	24
Tel Avivâ€™s	2
London	17
Tel Israelâ€™s	1
South Africaâ€™s	8
Myanmar	6
Kuala Lumpur	4
Malaysia	8
Indonesiaâ€™s	1
Jakarta	2
Johannesburg	4
Vienna	1
Amman	6
Washington DC	3
Manchester	1
India	50
Hyderabad	1
Colomboâ€™s Kollupitiya	1
Farhana	1
Khan Younis	23
Abudaqa	2
Dahiyeh	6
Beirutâ€™s Shatila	1
Earth	1
Lama Khater	1
Kiryat Arba	2
Britain	14
the Republic of Yemen	1
Hodeidah	5
Saada	3
Taiz	2
Hajjah	2
Europe	30
Asia	18
Sudan	3
Iraq	62
Syriaâ€™s Aleppo	1
Mariupol	1
Dublin	3
Moscow	4
the Global South	2
Beirutâ€™s	3
Hezbollahâ€™s	1
Arura	2
Deir Qaddis	1
El Arish	3
Hamasâ€™s	6
Aizawl	6
Manipur	8
Kangpokpi	1
Mizoram	7
Mizoramâ€™s	1
the Kingdom of Judah	1
the Bnei Menashe	3
Kolasib	1
Bethlehem	4
Nairoukh	1
Shawawra	1
Tehran	25
X.
Spain	1
Madrid	1
Oman	1
The United Arab Emirates	1
Gulf	10
The Gaza Strip	1
Bani Suheila	2
al-Fukhari	2
Damascus	17
Baghdad	8
The Islamic Republic	2
the Near East	3
Serbia	3
Bosnia-Herzegovina	1
Srebrenica	1
Algeria	7
Franceâ€™s	1
the State of Israel	7
Gazaâ€™s Deir el-Balah	3
MoTaz	1
@azaizamotaz9	1
Yugoslavia	2
Ocean Jazz	1
the Gulf of Aden	23
Philippines	4
the Cape of Good Hope	12
Pakistan	24
Erbil	13
Pakistanâ€™s Balochistan province	2
Iranâ€™s Sistan-Baluchestan province	2
Iranâ€™s	3
Rask	1
Sistan-Baluchestan	1
the Strait of Hormuz	3
the Persian Gulf	1
Davos	7
Balochistan	1
Netanyahuâ€™s	7
Supernova	1
Houthisâ€™	3
the Bab-el-Mandeb Strait	1
Dhamar	1
al-Bayda	1
the Arabian Sea	6
the Bab al-Mandeb Strait	5
al-Karama	1
Beruit	1
Lebanonâ€™s	3
Yemenâ€™s coast	2
Maghazi	5
Manchester City	1
Barcelona	1
Chile	4
Mexico	5
Chileâ€™s	1
Santiago	1
Bangladesh	2
Bolivia	4
Comoros	2
Djibouti	4
Haifa	8
Caesarea	2
Kefar Sava	1
Rehovot	1
Beersheba	1
Khan Yunis	1
Mawasi	1
Dearborn	12
Michigan	12
Chicago	2
New Delhi	6
Indiaâ€™s Basmati	1
North America	2
North Africa	5
al-Shifa	2
Welchâ€™s	1
Kampala	5
Ugandaâ€™s	1
Indonesia	2
Peru	1
Colombia	1
South Sudan	1
Swaziland	1
Lisbon	1
Portugal	3
Kiryat Shmona	1
the Blue Line	1
Gulf of Aden	4
Singapore	2
Mediterranean	11
the Indian Ocean	2
Bahaa el-Din Abu Ras	1
Bahaaâ€™s	1
the Marshall Islands	1
Bab al-Mandeb Strait	4
Morocco	13
Rabat	3
Western Sahara	3
Marrakesh	1
the Western Sahara	1
Moroccoâ€™s	1
Maghreb	1
al-Walaja	5
Gilo	1
Har Gilo	1
Al Rayyan	1
Qatarâ€™s	1
Wadi Gaza	3
Bosnia	3
Sri Lanka	2
the Republic of South Africa	1
PA	1
Oslo	2
Cairo	6
New York	4
Belarus	1
Ebel el-Saqi	1
Entebbe, Uganda	1
Sierra Leone	1
DRC	1
@adoniaayebare	1
Namibia	10
Shadiâ€™s	1
Khreisâ€™s	1
Northern Gaza	1
Malta	2
the Gulf of Oman	2
Ankara	7
Aqaba	1
California	3
Panjgur	1
the Sistan-Baluchestan province	1
Islamabad	3
the Islamic Republic of Iran	1
@RepJayapal	1
@RepCori	1
@BasedMikeLee	1
Texas	3
the Republic of Korea	1
Libya	3
Kosovo	1
Sabra	1
Shatila	3
Kyiv	5
Somalia	1
Yemenâ€™s Red Sea	1
Washingtonâ€™s	2
Rawaaâ€™s	1
al-Mawasi district	2
Cameroon	1
al-Ahli	1
Egyptâ€™s Sinai Peninsula	1
Philadelphi	1
Karem Abu Salem	1
Kerem Shalom	1
Greece	8
Dubai	1
Bab al-Mandeb	2
Yemenâ€™s southern coast	1
Riyadh	5
Yaroun	3
Lebanonâ€™s Nabatieh	1
Yirâ€™on	1
Avivim	1
Israelâ€™s Goren	1
Herzegovina	1
Montenegro	1
Silicon Valley	3
Beit Shemesh	1
Santa Clara	1
West Bankâ€™s	2
Moldova	1
Bern	1
Zurich	1
Netivot	1
Israel-Palestine	2
al-Dabshah	1
Khirbet Selm	1
Bint Jbeil	1
Ibil El Saqi	1
al-Tawilâ€™s	1
al-Khader	1
the Bekaa Valley	1
the Litani River	1
al-Mazraa Asharqiya	1
Harvey	1
Tawfiq	1
al-Mazraâ€™a Asharqiya	1
New York City	1
the Middle East Eye	1
Al Maniya	1
WestBank	2
Thameen Darby	1
the Nakba Layer	1
Mercator	1
Alaska	1
South America	2
the Asia-Pacific	1
Golan Heights	1
The Golan Heights	1
Crimea	4
the South China Sea	1
South China Sea	1
Vietnam	1
Kashmir	4
Darbyâ€™s Nakba	1
the Gaza strip	1
Gaza Stripâ€™s	3
@NaksBilal	1
theÂ Gaza Strip	1
Beit Lahiya	2
al-Mazraâ€™a	1
the Mediterranean Sea	2
Ajaq	1
Silwad	1
Ras Issa	1
Hodeidah province	1
Rohtak	6
Haryana	3
Uttar Pradesh	1
Lucknow	1
UP	1
Bihar	4
West Bengal	1
@Benarasiyaa	1
Haryanaâ€™s Panipat	1
Thailand	2
Middle Eastern	3
Haryanaâ€™s Jind	1
Palestinian Territories	1
Ansarallah	1
the Strip	1
@majedalansari	1
Kan	1
The United Kingdom	3
West Jerusalem	1
Egyptâ€™s	1
the Bab al-	1
Mandeb Strait	1
Munich	2
Sidon	3
Salamehâ€™s	1
Tunisia	2
Zawayda	1
Beit Hanoon	1
the Red Sea.	1
La France	1
Mediterraneanâ€™s	1
Eurasia	1
Heliopolis	1
al-Fawakhir	1
Levant	1
Gaza Cityâ€™s Zeitoun	1
the Old City of Gaza	1
Mecca	1
Gazaâ€™s Daraj	1
Al-Masjid al-Omari al-Kabir	1
Byzantium	1
the Via Maris	2
Zeitoun	4
Anthedon	1
Balakhiyah	1
Tida	1
Tell el-Ajjul	1
Calves Hill	1
Cyprus	9
Daraj	1
Ahmadiyyah Zawiya	1
Seychelles	1
Bab al-Mandeb strait	3
Maldives	1
Columbia	3
Istanbul	2
Crete	2
Sweden's	1
Bureij	2
al-Mahatta	1
Mozambique	1
United Statesâ€™	2
Bulgaria	1
Al Jazeeraâ€™s	1
al-Mawasi	3
Iraqâ€™s	2
Idlib	3
Detroit	1
Southeast Michigan	1
Arab America	1
Jarrah	1
Wayne County	1
Minnesota	1
Des Moines	7
Iowa	12
Cedar Rapids	5
Iowa City	5
South Asia	1
Florida	1
New Yorkâ€™s Ellis Island	1
Ohio	1
Shujayea	3
Dahiyeb	1
Aroura	2
al-Arouri	2
al-Mughraqa	1
al-Maghazi	1
Maghazi Roads	1
Deir al-Balah	1
Houthi	3
Jordanâ€™s	1
al-Tanf	1
the Hashemite Kingdom of Jordan	1
Dahiya	1
Jamaâ€™a Islamiya	2
Geneva	2
Gaza city	1
Ashdod	2
Hebrew	1
Mackinac Island	1
Great Lakes	1
Lake Michigan	1
Beit Nabala	1
Syriaâ€™s Damascus	1
Syriaâ€™s	1
Mazzeh	2
Borj el Barajneh	1
West Beirut	9
Beirutâ€™s Hamra	1
Hamraâ€™s	1
Hamra	2
West Beirutis	1
Dabbouch	1
East Beirut	1
Israelâ€™s Haifa	1
Estonia	1
Bab el-Mandeb strait	1
Southern Red Sea	1
Africaâ€™s Cape of Good Hope	1
the Eastern Mediterranean	1
Bab-el-Mandeb strait	1
Eilat	2
Dead Sea	1
Eastern Mediterranean region	1
Hamoud	1
Taalbaya	1
Rashidiya	1
Maroun El Ras	1
Rmeish	1
Miraj	1
Tal al-Hawa	1
@zarahsultana	1
Gisha	1
Bani Naim	1
Raanana	1
Sderot	2
Nir Am	1
Mefalsim	1
Hanita	1
Mattat	1
Margaliot	1
Adamit	1
Zarâ€™it	1
Malkia	1
the Jordan River	1
Alborz	4
Southern Africa	2
Venezuela	1
Hormuz	1
the Arabian Gulf	1
Israel's	1
the Golan Heights	1
Kanaker	1
Sarit	1
Aleppo	2
Gazaâ€˜s	1
@TomWhiteGaza	1
Entebbe	1
Central Gaza Strip	2
Al-Aqsa	1
Syriaâ€™s Golan Heights	1
Kurdistan	1
Panjgur, Pakistanâ€™s Balochistan province	1
#RedSea	1
Chinaâ€™s	2
Walla	2
Rwanda	1
East Timor	1
Kabul	1
az-Zahra	1
Hamad	1
the State of Qatar	1
QFFD	1
Melbourne, Australia	1
Melbourne	5
Sandridge Beach	1
the ZIM Ganges	5
Australiaâ€™s	1
Sydney	1
Brisbane	1
northğŸ“#Gaza	1
@Palestine_UN	1
Taiz province	1
Al-Bayda	1
Dena	1
Oakland	1
Akrotiri	12
Limassol	1
Pashias	1
Anadolu	1
Nevatim	1
the Republic of Cyprus	2
Dhekelia	1
USA	2
the League of Arab States	1
al-Saftawi	1
El Amal City Hospital	1
Al-Fukhari	1
al-Amal	4
al-Nasser	1
al-Katiba	1
Cape Town	2
South Africansfrom	1
Africa4Palestine	1
Western Cape province	1
Paltel	1
Jawwal	1
Salem	1
Copenhagen	1
